<?xml version="1.0" ?>
<sprites>

<sprite name="bul-A00" x="160" y="64" w="16" h="16" />
<sprite name="bul-A01" x="160" y="80" w="16" h="16" />
<sprite name="bul-A02" x="176" y="64" w="16" h="16" />
<sprite name="bul-A03" x="176" y="80" w="16" h="16" />
<sprite name="bul-A04" x="144" y="48" w="8" h="8" />
<sprite name="bul-A05" x="144" y="56" w="8" h="8" />
<sprite name="bul-A06" x="152" y="48" w="8" h="8" />
<sprite name="bul-A07" x="152" y="56" w="8" h="8" />
<sprite name="bul-A08" x="144" y="80" w="8" h="8" />
<sprite name="bul-A09" x="144" y="88" w="8" h="8" />
<sprite name="bul-A10" x="152" y="80" w="8" h="8" />
<sprite name="bul-A11" x="152" y="88" w="8" h="8" />
<sprite name="bul-A12" x="144" y="64" w="8" h="16" />
<sprite name="bul-A13" x="152" y="64" w="8" h="16" />
<sprite name="bul-A14" x="160" y="48" w="8" h="16" />
<sprite name="bul-A15" x="168" y="48" w="8" h="16" />
<sprite name="bul-A16" x="176" y="48" w="8" h="16" />
<sprite name="bul-A17" x="184" y="48" w="8" h="16" />

<sprite name="bul-B00" x="208" y="64" w="16" h="16" />
<sprite name="bul-B01" x="208" y="80" w="16" h="16" />
<sprite name="bul-B02" x="224" y="64" w="16" h="16" />
<sprite name="bul-B03" x="224" y="80" w="16" h="16" />
<sprite name="bul-B04" x="192" y="48" w="8" h="8" />
<sprite name="bul-B05" x="192" y="56" w="8" h="8" />
<sprite name="bul-B06" x="200" y="48" w="8" h="8" />
<sprite name="bul-B07" x="200" y="56" w="8" h="8" />
<sprite name="bul-B08" x="192" y="80" w="8" h="8" />
<sprite name="bul-B09" x="192" y="88" w="8" h="8" />
<sprite name="bul-B10" x="200" y="80" w="8" h="8" />
<sprite name="bul-B11" x="200" y="88" w="8" h="8" />
<sprite name="bul-B12" x="192" y="64" w="8" h="16" />
<sprite name="bul-B13" x="200" y="64" w="8" h="16" />
<sprite name="bul-B14" x="208" y="48" w="8" h="16" />
<sprite name="bul-B15" x="216" y="48" w="8" h="16" />
<sprite name="bul-B16" x="224" y="48" w="8" h="16" />
<sprite name="bul-B17" x="232" y="48" w="8" h="16" />

<sprite name="bul-C00" x="160" y="112" w="16" h="16" />
<sprite name="bul-C01" x="160" y="128" w="16" h="16" />
<sprite name="bul-C02" x="176" y="112" w="16" h="16" />
<sprite name="bul-C03" x="176" y="128" w="16" h="16" />
<sprite name="bul-C04" x="144" y="96" w="8" h="8" />
<sprite name="bul-C05" x="144" y="104" w="8" h="8" />
<sprite name="bul-C06" x="152" y="96" w="8" h="8" />
<sprite name="bul-C07" x="152" y="104" w="8" h="8" />
<sprite name="bul-C08" x="144" y="128" w="8" h="8" />
<sprite name="bul-C09" x="144" y="136" w="8" h="8" />
<sprite name="bul-C10" x="152" y="128" w="8" h="8" />
<sprite name="bul-C11" x="152" y="136" w="8" h="8" />
<sprite name="bul-C12" x="144" y="112" w="8" h="16" />
<sprite name="bul-C13" x="152" y="112" w="8" h="16" />
<sprite name="bul-C14" x="160" y="96" w="8" h="16" />
<sprite name="bul-C15" x="168" y="96" w="8" h="16" />
<sprite name="bul-C16" x="176" y="96" w="8" h="16" />
<sprite name="bul-C17" x="184" y="96" w="8" h="16" />

<sprite name="bul-D00" x="208" y="112" w="16" h="16" />
<sprite name="bul-D01" x="208" y="128" w="16" h="16" />
<sprite name="bul-D02" x="224" y="112" w="16" h="16" />
<sprite name="bul-D03" x="224" y="128" w="16" h="16" />
<sprite name="bul-D04" x="192" y="96" w="8" h="8" />
<sprite name="bul-D05" x="192" y="104" w="8" h="8" />
<sprite name="bul-D06" x="200" y="96" w="8" h="8" />
<sprite name="bul-D07" x="200" y="104" w="8" h="8" />
<sprite name="bul-D08" x="192" y="128" w="8" h="8" />
<sprite name="bul-D09" x="192" y="136" w="8" h="8" />
<sprite name="bul-D10" x="200" y="128" w="8" h="8" />
<sprite name="bul-D11" x="200" y="136" w="8" h="8" />
<sprite name="bul-D12" x="192" y="112" w="8" h="16" />
<sprite name="bul-D13" x="200" y="112" w="8" h="16" />
<sprite name="bul-D14" x="208" y="96" w="8" h="16" />
<sprite name="bul-D15" x="216" y="96" w="8" h="16" />
<sprite name="bul-D16" x="224" y="96" w="8" h="16" />
<sprite name="bul-D17" x="232" y="96" w="8" h="16" />

<sprite name="bul-E00" x="160" y="160" w="16" h="16" />
<sprite name="bul-E01" x="160" y="176" w="16" h="16" />
<sprite name="bul-E02" x="176" y="160" w="16" h="16" />
<sprite name="bul-E03" x="176" y="176" w="16" h="16" />
<sprite name="bul-E04" x="144" y="144" w="8" h="8" />
<sprite name="bul-E05" x="144" y="152" w="8" h="8" />
<sprite name="bul-E06" x="152" y="144" w="8" h="8" />
<sprite name="bul-E07" x="152" y="152" w="8" h="8" />
<sprite name="bul-E08" x="144" y="176" w="8" h="8" />
<sprite name="bul-E09" x="144" y="184" w="8" h="8" />
<sprite name="bul-E10" x="152" y="176" w="8" h="8" />
<sprite name="bul-E11" x="152" y="184" w="8" h="8" />
<sprite name="bul-E12" x="144" y="160" w="8" h="16" />
<sprite name="bul-E13" x="152" y="160" w="8" h="16" />
<sprite name="bul-E14" x="160" y="144" w="8" h="16" />
<sprite name="bul-E15" x="168" y="144" w="8" h="16" />
<sprite name="bul-E16" x="176" y="144" w="8" h="16" />
<sprite name="bul-E17" x="184" y="144" w="8" h="16" />

<sprite name="bul-F00" x="208" y="160" w="16" h="16" />
<sprite name="bul-F01" x="208" y="176" w="16" h="16" />
<sprite name="bul-F02" x="224" y="160" w="16" h="16" />
<sprite name="bul-F03" x="224" y="176" w="16" h="16" />
<sprite name="bul-F04" x="192" y="144" w="8" h="8" />
<sprite name="bul-F05" x="192" y="152" w="8" h="8" />
<sprite name="bul-F06" x="200" y="144" w="8" h="8" />
<sprite name="bul-F07" x="200" y="152" w="8" h="8" />
<sprite name="bul-F08" x="192" y="176" w="8" h="8" />
<sprite name="bul-F09" x="192" y="184" w="8" h="8" />
<sprite name="bul-F10" x="200" y="176" w="8" h="8" />
<sprite name="bul-F11" x="200" y="184" w="8" h="8" />
<sprite name="bul-F12" x="192" y="160" w="8" h="16" />
<sprite name="bul-F13" x="200" y="160" w="8" h="16" />
<sprite name="bul-F14" x="208" y="144" w="8" h="16" />
<sprite name="bul-F15" x="216" y="144" w="8" h="16" />
<sprite name="bul-F16" x="224" y="144" w="8" h="16" />
<sprite name="bul-F17" x="232" y="144" w="8" h="16" />

<sprite name="bul-G00" x="256" y="64" w="16" h="16" />
<sprite name="bul-G01" x="256" y="80" w="16" h="16" />
<sprite name="bul-G02" x="272" y="64" w="16" h="16" />
<sprite name="bul-G03" x="272" y="80" w="16" h="16" />
<sprite name="bul-G04" x="240" y="48" w="8" h="8" />
<sprite name="bul-G05" x="240" y="56" w="8" h="8" />
<sprite name="bul-G06" x="248" y="48" w="8" h="8" />
<sprite name="bul-G07" x="248" y="56" w="8" h="8" />
<sprite name="bul-G08" x="240" y="80" w="8" h="8" />
<sprite name="bul-G09" x="240" y="88" w="8" h="8" />
<sprite name="bul-G10" x="248" y="80" w="8" h="8" />
<sprite name="bul-G11" x="248" y="88" w="8" h="8" />
<sprite name="bul-G12" x="240" y="64" w="8" h="16" />
<sprite name="bul-G13" x="248" y="64" w="8" h="16" />
<sprite name="bul-G14" x="256" y="48" w="8" h="16" />
<sprite name="bul-G15" x="264" y="48" w="8" h="16" />
<sprite name="bul-G16" x="272" y="48" w="8" h="16" />
<sprite name="bul-G17" x="280" y="48" w="8" h="16" />

<sprite name="bul-H00" x="304" y="64" w="16" h="16" />
<sprite name="bul-H01" x="304" y="80" w="16" h="16" />
<sprite name="bul-H02" x="320" y="64" w="16" h="16" />
<sprite name="bul-H03" x="320" y="80" w="16" h="16" />
<sprite name="bul-H04" x="288" y="48" w="8" h="8" />
<sprite name="bul-H05" x="288" y="56" w="8" h="8" />
<sprite name="bul-H06" x="296" y="48" w="8" h="8" />
<sprite name="bul-H07" x="296" y="56" w="8" h="8" />
<sprite name="bul-H08" x="288" y="80" w="8" h="8" />
<sprite name="bul-H09" x="288" y="88" w="8" h="8" />
<sprite name="bul-H10" x="296" y="80" w="8" h="8" />
<sprite name="bul-H11" x="296" y="88" w="8" h="8" />
<sprite name="bul-H12" x="288" y="64" w="8" h="16" />
<sprite name="bul-H13" x="296" y="64" w="8" h="16" />
<sprite name="bul-H14" x="304" y="48" w="8" h="16" />
<sprite name="bul-H15" x="312" y="48" w="8" h="16" />
<sprite name="bul-H16" x="320" y="48" w="8" h="16" />
<sprite name="bul-H17" x="328" y="48" w="8" h="16" />

<sprite name="bul-I00" x="256" y="112" w="16" h="16" />
<sprite name="bul-I01" x="256" y="128" w="16" h="16" />
<sprite name="bul-I02" x="272" y="112" w="16" h="16" />
<sprite name="bul-I03" x="272" y="128" w="16" h="16" />
<sprite name="bul-I04" x="240" y="96" w="8" h="8" />
<sprite name="bul-I05" x="240" y="104" w="8" h="8" />
<sprite name="bul-I06" x="248" y="96" w="8" h="8" />
<sprite name="bul-I07" x="248" y="104" w="8" h="8" />
<sprite name="bul-I08" x="240" y="128" w="8" h="8" />
<sprite name="bul-I09" x="240" y="136" w="8" h="8" />
<sprite name="bul-I10" x="248" y="128" w="8" h="8" />
<sprite name="bul-I11" x="248" y="136" w="8" h="8" />
<sprite name="bul-I12" x="240" y="112" w="8" h="16" />
<sprite name="bul-I13" x="248" y="112" w="8" h="16" />
<sprite name="bul-I14" x="256" y="96" w="8" h="16" />
<sprite name="bul-I15" x="264" y="96" w="8" h="16" />
<sprite name="bul-I16" x="272" y="96" w="8" h="16" />
<sprite name="bul-I17" x="280" y="96" w="8" h="16" />

<sprite name="bul-J00" x="256" y="160" w="16" h="16" />
<sprite name="bul-J01" x="256" y="176" w="16" h="16" />
<sprite name="bul-J02" x="272" y="160" w="16" h="16" />
<sprite name="bul-J03" x="272" y="176" w="16" h="16" />
<sprite name="bul-J04" x="240" y="144" w="8" h="8" />
<sprite name="bul-J05" x="240" y="152" w="8" h="8" />
<sprite name="bul-J06" x="248" y="144" w="8" h="8" />
<sprite name="bul-J07" x="248" y="152" w="8" h="8" />
<sprite name="bul-J08" x="240" y="176" w="8" h="8" />
<sprite name="bul-J09" x="240" y="184" w="8" h="8" />
<sprite name="bul-J10" x="248" y="176" w="8" h="8" />
<sprite name="bul-J11" x="248" y="184" w="8" h="8" />
<sprite name="bul-J12" x="240" y="160" w="8" h="16" />
<sprite name="bul-J13" x="248" y="160" w="8" h="16" />
<sprite name="bul-J14" x="256" y="144" w="8" h="16" />
<sprite name="bul-J15" x="264" y="144" w="8" h="16" />
<sprite name="bul-J16" x="272" y="144" w="8" h="16" />
<sprite name="bul-J17" x="280" y="144" w="8" h="16" />

<sprite name="bul-K00" x="304" y="112" w="16" h="16" />
<sprite name="bul-K01" x="304" y="128" w="16" h="16" />
<sprite name="bul-K02" x="320" y="112" w="16" h="16" />
<sprite name="bul-K03" x="320" y="128" w="16" h="16" />
<sprite name="bul-K04" x="288" y="96" w="8" h="8" />
<sprite name="bul-K05" x="288" y="104" w="8" h="8" />
<sprite name="bul-K06" x="296" y="96" w="8" h="8" />
<sprite name="bul-K07" x="296" y="104" w="8" h="8" />
<sprite name="bul-K08" x="288" y="128" w="8" h="8" />
<sprite name="bul-K09" x="288" y="136" w="8" h="8" />
<sprite name="bul-K10" x="296" y="128" w="8" h="8" />
<sprite name="bul-K11" x="296" y="136" w="8" h="8" />
<sprite name="bul-K12" x="288" y="112" w="8" h="16" />
<sprite name="bul-K13" x="296" y="112" w="8" h="16" />
<sprite name="bul-K14" x="304" y="96" w="8" h="16" />
<sprite name="bul-K15" x="312" y="96" w="8" h="16" />
<sprite name="bul-K16" x="320" y="96" w="8" h="16" />
<sprite name="bul-K17" x="328" y="96" w="8" h="16" />

<sprite name="bul-L00" x="304" y="160" w="16" h="16" />
<sprite name="bul-L01" x="304" y="176" w="16" h="16" />
<sprite name="bul-L02" x="320" y="160" w="16" h="16" />
<sprite name="bul-L03" x="320" y="176" w="16" h="16" />
<sprite name="bul-L04" x="288" y="144" w="8" h="8" />
<sprite name="bul-L05" x="288" y="152" w="8" h="8" />
<sprite name="bul-L06" x="296" y="144" w="8" h="8" />
<sprite name="bul-L07" x="296" y="152" w="8" h="8" />
<sprite name="bul-L08" x="288" y="176" w="8" h="8" />
<sprite name="bul-L09" x="288" y="184" w="8" h="8" />
<sprite name="bul-L10" x="296" y="176" w="8" h="8" />
<sprite name="bul-L11" x="296" y="184" w="8" h="8" />
<sprite name="bul-L12" x="288" y="160" w="8" h="16" />
<sprite name="bul-L13" x="296" y="160" w="8" h="16" />
<sprite name="bul-L14" x="304" y="144" w="8" h="16" />
<sprite name="bul-L15" x="312" y="144" w="8" h="16" />
<sprite name="bul-L16" x="320" y="144" w="8" h="16" />
<sprite name="bul-L17" x="328" y="144" w="8" h="16" />

</sprites>
